ticker,,SPX Index,SPX Index,NDX Index,NDX Index
field,,BEST_PE_RATIO,PX_LAST,BEST_PE_RATIO,PX_LAST
,date,,,,
SPX Index,2020-01-01,20.1637,,,
SPX Index,2020-01-02,20.3342,3257.85,,
SPX Index,2020-01-03,20.1992,3234.85,,
SPX Index,2020-01-06,20.2549,3246.28,,
SPX Index,2020-01-07,20.2016,3237.18,,
SPX Index,2020-01-08,20.3101,3253.05,,
SPX Index,2020-01-09,20.4425,3274.7,,
SPX Index,2020-01-10,20.3806,3265.35,,
SPX Index,2020-01-13,20.5246,3288.13,,
SPX Index,2020-01-14,20.5186,3283.15,,
SPX Index,2020-01-15,20.5768,3289.29,,
SPX Index,2020-01-16,20.7404,3316.81,,
SPX Index,2020-01-17,20.82,3329.62,,
SPX Index,2020-01-20,20.8218,,,
SPX Index,2020-01-21,20.745,3320.79,,
SPX Index,2020-01-22,20.8096,3321.75,,
SPX Index,2020-01-23,20.8601,3325.54,,
SPX Index,2020-01-24,20.6806,3295.47,,
SPX Index,2020-01-27,20.3541,3243.63,,
SPX Index,2020-01-28,20.5941,3276.24,,
SPX Index,2020-01-29,20.8,3273.4,,
SPX Index,2020-01-30,21.0257,3283.66,,
SPX Index,2020-01-31,20.6166,3225.52,,
SPX Index,2020-02-03,20.8787,3248.92,,
SPX Index,2020-02-04,21.2317,3297.59,,
SPX Index,2020-02-05,21.4605,3334.69,,
SPX Index,2020-02-06,21.5947,3345.78,,
SPX Index,2020-02-07,21.4886,3327.71,,
SPX Index,2020-02-10,21.7166,3352.09,,
SPX Index,2020-02-11,21.7567,3357.75,,
SPX Index,2020-02-12,21.9603,3379.45,,
SPX Index,2020-02-13,21.9582,3373.94,,
SPX Index,2020-02-14,21.9856,3380.16,,
SPX Index,2020-02-17,21.9873,,,
SPX Index,2020-02-18,21.9773,3370.29,,
SPX Index,2020-02-19,22.0457,3386.15,,
SPX Index,2020-02-20,21.9628,3373.23,,
SPX Index,2020-02-21,21.7132,3337.75,,
SPX Index,2020-02-24,18.5903,3225.89,,
SPX Index,2020-02-25,18.0227,3128.21,,
SPX Index,2020-02-26,17.9742,3116.39,,
SPX Index,2020-02-27,17.1966,2978.76,,
SPX Index,2020-02-28,17.0751,2954.22,,
SPX Index,2020-03-02,17.8882,3090.23,,
SPX Index,2020-03-03,17.3967,3003.37,,
SPX Index,2020-03-04,18.1587,3130.12,,
SPX Index,2020-03-05,17.5669,3023.94,,
SPX Index,2020-03-06,17.2802,2972.37,,
SPX Index,2020-03-09,16.0462,2746.56,,
SPX Index,2020-03-10,16.8749,2882.23,,
SPX Index,2020-03-11,16.1126,2741.38,,
SPX Index,2020-03-12,14.618,2480.64,,
SPX Index,2020-03-13,16.0467,2711.02,,
SPX Index,2020-03-16,14.3198,2386.13,,
SPX Index,2020-03-17,15.2604,2529.19,,
SPX Index,2020-03-18,14.5483,2398.1,,
SPX Index,2020-03-19,14.694,2409.39,,
SPX Index,2020-03-20,14.1937,2304.92,,
SPX Index,2020-03-23,13.9721,2237.4,,
SPX Index,2020-03-24,15.4196,2447.33,,
SPX Index,2020-03-25,15.7397,2475.56,,
SPX Index,2020-03-26,16.834,2630.07,,
SPX Index,2020-03-27,16.3806,2541.47,,
SPX Index,2020-03-30,17.1752,2626.65,,
SPX Index,2020-03-31,17.1082,2584.59,,
SPX Index,2020-04-01,16.4481,2470.5,,
SPX Index,2020-04-02,16.9554,2526.9,,
SPX Index,2020-04-03,16.785,2488.65,,
SPX Index,2020-04-06,18.1926,2663.68,,
SPX Index,2020-04-07,18.5584,2659.41,,
SPX Index,2020-04-08,19.4877,2749.98,,
SPX Index,2020-04-09,20.0131,2789.82,,
SPX Index,2020-04-10,20.0051,,,
SPX Index,2020-04-13,19.9475,2761.63,,
SPX Index,2020-04-14,20.7775,2846.06,,
SPX Index,2020-04-15,20.5408,2783.36,,
SPX Index,2020-04-16,20.7624,2799.55,,
SPX Index,2020-04-17,21.3958,2874.56,,
SPX Index,2020-04-20,21.1934,2823.16,,
SPX Index,2020-04-21,20.6732,2736.56,,
SPX Index,2020-04-22,21.2495,2799.31,,
SPX Index,2020-04-23,21.3232,2797.8,,
SPX Index,2020-04-24,21.7172,2836.74,,
SPX Index,2020-04-27,22.1292,2878.48,,
SPX Index,2020-04-28,22.0809,2863.39,,
SPX Index,2020-04-29,22.7053,2939.51,,
SPX Index,2020-04-30,22.6157,2912.43,,
SPX Index,2020-05-01,22.1731,2830.71,,
SPX Index,2020-05-04,22.2709,2842.74,,
SPX Index,2020-05-05,22.6355,2868.44,,
SPX Index,2020-05-06,22.5192,2848.42,,
SPX Index,2020-05-07,22.8396,2881.19,,
SPX Index,2020-05-08,23.2988,2929.8,,
SPX Index,2020-05-11,23.3545,2930.32,,
SPX Index,2020-05-12,23.0163,2870.12,,
SPX Index,2020-05-13,22.6421,2820.0,,
SPX Index,2020-05-14,22.9256,2852.5,,
SPX Index,2020-05-15,23.0492,2863.7,,
SPX Index,2020-05-18,23.8034,2953.91,,
SPX Index,2020-05-19,23.5499,2922.94,,
SPX Index,2020-05-20,23.9331,2971.61,,
SPX Index,2020-05-21,23.8656,2948.51,,
SPX Index,2020-05-22,23.9363,2955.45,,
SPX Index,2020-05-25,23.9344,,,
SPX Index,2020-05-26,24.2286,2991.77,,
SPX Index,2020-05-27,24.5739,3036.13,,
SPX Index,2020-05-28,24.5415,3029.73,,
SPX Index,2020-05-29,24.6635,3044.31,,
SPX Index,2020-06-01,24.7482,3055.73,,
SPX Index,2020-06-02,24.9461,3080.82,,
SPX Index,2020-06-03,25.2819,3122.87,,
SPX Index,2020-06-04,25.2374,3112.35,,
SPX Index,2020-06-05,25.9319,3193.93,,
SPX Index,2020-06-08,26.2307,3232.39,,
SPX Index,2020-06-09,25.9963,3207.18,,
SPX Index,2020-06-10,25.8703,3190.14,,
SPX Index,2020-06-11,24.358,3002.1,,
SPX Index,2020-06-12,24.6728,3041.31,,
SPX Index,2020-06-15,24.8645,3066.59,,
SPX Index,2020-06-16,25.3379,3124.74,,
SPX Index,2020-06-17,25.2495,3113.49,,
SPX Index,2020-06-18,25.2645,3115.34,,
SPX Index,2020-06-19,25.1229,3097.74,,
SPX Index,2020-06-22,25.1118,3117.86,,
SPX Index,2020-06-23,25.2183,3131.29,,
SPX Index,2020-06-24,24.5632,3050.33,,
SPX Index,2020-06-25,24.8706,3083.76,,
SPX Index,2020-06-26,24.2951,3009.05,,
SPX Index,2020-06-29,24.6369,3053.24,,
SPX Index,2020-06-30,24.9943,3100.29,,
SPX Index,2020-07-01,25.1559,3115.86,,
SPX Index,2020-07-02,25.2554,3130.01,,
SPX Index,2020-07-03,25.2559,,,
SPX Index,2020-07-06,25.6682,3179.72,,
SPX Index,2020-07-07,25.408,3145.32,,
SPX Index,2020-07-08,25.6255,3169.94,,
SPX Index,2020-07-09,25.5183,3152.05,,
SPX Index,2020-07-10,25.8193,3185.04,,
SPX Index,2020-07-13,25.5753,3155.22,,
SPX Index,2020-07-14,25.968,3197.52,,
SPX Index,2020-07-15,26.2265,3226.56,,
SPX Index,2020-07-16,26.1183,3215.57,,
SPX Index,2020-07-17,26.184,3224.73,,
SPX Index,2020-07-20,26.3806,3251.84,,
SPX Index,2020-07-21,26.4256,3257.3,,
SPX Index,2020-07-22,26.4773,3276.02,,
SPX Index,2020-07-23,26.0948,3235.66,,
SPX Index,2020-07-24,25.9208,3215.63,,
SPX Index,2020-07-27,26.1105,3239.41,,
SPX Index,2020-07-28,25.8868,3218.44,,
SPX Index,2020-07-29,26.1073,3258.44,,
SPX Index,2020-07-30,25.8109,3246.22,,
SPX Index,2020-07-31,25.713,3271.12,,
SPX Index,2020-08-03,25.8718,3294.61,,
SPX Index,2020-08-04,25.9644,3306.51,,
SPX Index,2020-08-05,26.0959,3327.77,,
SPX Index,2020-08-06,26.2543,3349.16,,
SPX Index,2020-08-07,26.2919,3351.28,,
SPX Index,2020-08-10,26.3624,3360.47,,
SPX Index,2020-08-11,26.1668,3333.69,,
SPX Index,2020-08-12,26.5396,3380.35,,
SPX Index,2020-08-13,26.4818,3373.43,,
SPX Index,2020-08-14,26.4615,3372.85,,
SPX Index,2020-08-17,26.5367,3381.99,,
SPX Index,2020-08-18,26.5712,3389.78,,
SPX Index,2020-08-19,26.3946,3374.85,,
SPX Index,2020-08-20,26.4698,3385.51,,
SPX Index,2020-08-21,26.5395,3397.16,,
SPX Index,2020-08-24,26.8087,3431.28,,
SPX Index,2020-08-25,26.8397,3443.62,,
SPX Index,2020-08-26,27.1233,3478.73,,
SPX Index,2020-08-27,27.1644,3484.55,,
SPX Index,2020-08-28,27.3898,3508.01,,
SPX Index,2020-08-31,27.4023,3500.31,,
SPX Index,2020-09-01,27.5352,3526.65,,
SPX Index,2020-09-02,27.9565,3580.84,,
SPX Index,2020-09-03,27.0289,3455.06,,
SPX Index,2020-09-04,26.8042,3426.96,,
SPX Index,2020-09-07,26.8041,,,
SPX Index,2020-09-08,26.0665,3331.84,,
SPX Index,2020-09-09,26.5922,3398.96,,
SPX Index,2020-09-10,26.114,3339.19,,
SPX Index,2020-09-11,26.1054,3340.97,,
SPX Index,2020-09-14,26.4165,3383.54,,
SPX Index,2020-09-15,26.5485,3401.2,,
SPX Index,2020-09-16,26.4041,3385.49,,
SPX Index,2020-09-17,26.1761,3357.01,,
SPX Index,2020-09-18,25.8881,3319.47,,
SPX Index,2020-09-21,25.6359,3281.06,,
SPX Index,2020-09-22,25.8839,3315.57,,
SPX Index,2020-09-23,25.273,3236.92,,
SPX Index,2020-09-24,25.3241,3246.59,,
SPX Index,2020-09-25,25.7472,3298.46,,
SPX Index,2020-09-28,26.1588,3351.6,,
SPX Index,2020-09-29,26.0476,3335.47,,
SPX Index,2020-09-30,26.2444,3363.0,,
SPX Index,2020-10-01,26.359,3380.8,,
SPX Index,2020-10-02,26.1061,3348.44,,
SPX Index,2020-10-05,26.5625,3408.63,,
SPX Index,2020-10-06,26.1935,3360.95,,
SPX Index,2020-10-07,26.6418,3419.45,,
SPX Index,2020-10-08,26.8637,3446.83,,
SPX Index,2020-10-09,27.1004,3477.13,,
SPX Index,2020-10-12,27.5496,3534.22,,
SPX Index,2020-10-13,27.3408,3511.93,,
SPX Index,2020-10-14,27.0611,3488.67,,
SPX Index,2020-10-15,26.9939,3483.34,,
SPX Index,2020-10-16,26.9808,3483.81,,
SPX Index,2020-10-19,26.535,3426.92,,
SPX Index,2020-10-20,26.6401,3443.12,,
SPX Index,2020-10-21,26.5462,3435.56,,
SPX Index,2020-10-22,26.6276,3453.49,,
SPX Index,2020-10-23,26.7248,3465.39,,
SPX Index,2020-10-26,26.2701,3400.97,,
SPX Index,2020-10-27,26.059,3390.68,,
SPX Index,2020-10-28,25.0819,3271.03,,
SPX Index,2020-10-29,25.2575,3310.11,,
SPX Index,2020-10-30,24.8237,3269.96,,
SPX Index,2020-11-02,25.0798,3310.24,,
SPX Index,2020-11-03,25.4793,3369.16,,
SPX Index,2020-11-04,26.0244,3443.44,,
SPX Index,2020-11-05,26.4711,3510.45,,
SPX Index,2020-11-06,26.4289,3509.44,,
SPX Index,2020-11-09,26.712,3550.5,,
SPX Index,2020-11-10,26.67,3545.53,,
SPX Index,2020-11-11,26.8639,3572.66,,
SPX Index,2020-11-12,26.5926,3537.01,,
SPX Index,2020-11-13,26.958,3585.15,,
SPX Index,2020-11-16,27.2404,3626.91,,
SPX Index,2020-11-17,27.0689,3609.53,,
SPX Index,2020-11-18,26.6853,3567.79,,
SPX Index,2020-11-19,26.781,3581.87,,
SPX Index,2020-11-20,26.6073,3557.54,,
SPX Index,2020-11-23,26.751,3577.59,,
SPX Index,2020-11-24,27.1635,3635.41,,
SPX Index,2020-11-25,27.0808,3629.65,,
SPX Index,2020-11-26,27.0766,,,
SPX Index,2020-11-27,27.1431,3638.35,,
SPX Index,2020-11-30,27.0158,3621.63,,
SPX Index,2020-12-01,27.3252,3662.45,,
SPX Index,2020-12-02,27.3761,3669.01,,
SPX Index,2020-12-03,27.3515,3666.72,,
SPX Index,2020-12-04,27.5922,3699.12,,
SPX Index,2020-12-07,27.5426,3691.96,,
SPX Index,2020-12-08,27.6094,3702.25,,
SPX Index,2020-12-09,27.3849,3672.82,,
SPX Index,2020-12-10,27.3712,3668.1,,
SPX Index,2020-12-11,27.321,3663.46,,
SPX Index,2020-12-14,27.1977,3647.49,,
SPX Index,2020-12-15,27.5304,3694.62,,
SPX Index,2020-12-16,27.577,3701.17,,
SPX Index,2020-12-17,27.7238,3722.48,,
SPX Index,2020-12-18,27.6068,3709.41,,
SPX Index,2020-12-21,27.9296,3694.92,,
SPX Index,2020-12-22,27.8684,3687.26,,
SPX Index,2020-12-23,27.8899,3690.01,,
SPX Index,2020-12-24,27.9902,3703.06,,
SPX Index,2020-12-25,27.9902,,,
SPX Index,2020-12-28,28.2332,3735.36,,
SPX Index,2020-12-29,28.1709,3727.04,,
SPX Index,2020-12-30,28.2089,3732.04,,
SPX Index,2020-12-31,28.3917,3756.07,,
SPX Index,2021-01-01,28.3917,,,
SPX Index,2021-01-04,27.9579,3700.65,,
SPX Index,2021-01-05,28.1435,3726.86,,
SPX Index,2021-01-06,28.3085,3748.14,,
SPX Index,2021-01-07,28.7427,3803.79,,
SPX Index,2021-01-08,28.8734,3824.68,,
SPX Index,2021-01-11,28.6525,3799.61,,
SPX Index,2021-01-12,28.6513,3801.19,,
SPX Index,2021-01-13,28.7191,3809.84,,
SPX Index,2021-01-14,28.6257,3795.54,,
SPX Index,2021-01-15,28.2845,3768.25,,
SPX Index,2021-01-18,28.272,,,
SPX Index,2021-01-19,28.3767,3798.91,,
SPX Index,2021-01-20,28.7293,3851.85,,
SPX Index,2021-01-21,28.6463,3853.07,,
SPX Index,2021-01-22,28.5546,3841.47,,
SPX Index,2021-01-25,28.6592,3855.36,,
SPX Index,2021-01-26,28.6137,3849.62,,
SPX Index,2021-01-27,28.1106,3750.77,,
SPX Index,2021-01-28,28.3835,3787.38,,
SPX Index,2021-01-29,27.789,3714.24,,
SPX Index,2021-02-01,28.0686,3773.86,,
SPX Index,2021-02-02,29.4002,3826.31,,
SPX Index,2021-02-03,29.6204,3830.17,,
SPX Index,2021-02-04,30.4156,3871.74,,
SPX Index,2021-02-05,30.5421,3886.83,,
SPX Index,2021-02-08,30.7891,3915.59,,
SPX Index,2021-02-09,30.9831,3911.23,,
SPX Index,2021-02-10,30.9926,3909.88,,
SPX Index,2021-02-11,31.0944,3916.38,,
SPX Index,2021-02-12,31.2602,3934.83,,
SPX Index,2021-02-15,31.2612,,,
SPX Index,2021-02-16,31.312,3932.59,,
SPX Index,2021-02-17,31.2464,3931.33,,
SPX Index,2021-02-18,31.1219,3913.97,,
SPX Index,2021-02-19,30.9534,3906.71,,
SPX Index,2021-02-22,30.6869,3876.5,,
SPX Index,2021-02-23,22.363,3881.37,,
SPX Index,2021-02-24,22.6333,3925.43,,
SPX Index,2021-02-25,22.083,3829.34,,
SPX Index,2021-02-26,21.9566,3811.15,,
SPX Index,2021-03-01,22.4425,3901.82,,
SPX Index,2021-03-02,22.2543,3870.29,,
SPX Index,2021-03-03,21.9551,3819.72,,
SPX Index,2021-03-04,21.645,3768.47,,
SPX Index,2021-03-05,22.052,3841.94,,
SPX Index,2021-03-08,21.9159,3821.35,,
SPX Index,2021-03-09,22.22,3875.44,,
SPX Index,2021-03-10,22.3583,3898.81,,
SPX Index,2021-03-11,22.5654,3939.34,,
SPX Index,2021-03-12,22.5848,3943.34,,
SPX Index,2021-03-15,22.7061,3968.94,,
SPX Index,2021-03-16,22.6541,3962.71,,
SPX Index,2021-03-17,22.7117,3974.12,,
SPX Index,2021-03-18,22.3729,3915.46,,
SPX Index,2021-03-19,22.3422,3913.1,,
SPX Index,2021-03-22,22.5201,3940.59,,
SPX Index,2021-03-23,22.3478,3910.52,,
SPX Index,2021-03-24,22.2222,3889.14,,
SPX Index,2021-03-25,22.3329,3909.52,,
SPX Index,2021-03-26,22.7012,3974.54,,
SPX Index,2021-03-29,22.6816,3971.09,,
SPX Index,2021-03-30,22.5942,3958.55,,
SPX Index,2021-03-31,22.6279,3972.89,,
SPX Index,2021-04-01,22.8563,4019.87,,
SPX Index,2021-04-02,22.854,,,
SPX Index,2021-04-05,23.1564,4077.91,,
SPX Index,2021-04-06,23.1215,4073.94,,
SPX Index,2021-04-07,23.1351,4079.95,,
SPX Index,2021-04-08,23.2092,4097.17,,
SPX Index,2021-04-09,23.3796,4128.8,,
SPX Index,2021-04-12,23.3519,4127.99,,
SPX Index,2021-04-13,23.4227,4141.59,,
SPX Index,2021-04-14,23.2282,4124.66,,
SPX Index,2021-04-15,23.3558,4170.42,,
SPX Index,2021-04-16,23.3915,4185.47,,
SPX Index,2021-04-19,23.1754,4163.26,,
SPX Index,2021-04-20,23.0175,4134.94,,
SPX Index,2021-04-21,23.2229,4173.42,,
SPX Index,2021-04-22,22.9411,4134.98,,
SPX Index,2021-04-23,23.1648,4180.17,,
SPX Index,2021-04-26,23.1767,4187.62,,
SPX Index,2021-04-27,23.046,4186.72,,
SPX Index,2021-04-28,22.6741,4183.18,,
SPX Index,2021-04-29,22.7271,4211.47,,
SPX Index,2021-04-30,22.4819,4181.17,,
SPX Index,2021-05-03,22.4685,4192.66,,
SPX Index,2021-05-04,22.2673,4164.66,,
SPX Index,2021-05-05,22.2406,4167.59,,
SPX Index,2021-05-06,22.3893,4201.62,,
SPX Index,2021-05-07,22.5452,4232.6,,
SPX Index,2021-05-10,22.2867,4188.43,,
SPX Index,2021-05-11,22.0853,4152.1,,
SPX Index,2021-05-12,21.6122,4063.04,,
SPX Index,2021-05-13,21.8559,4112.5,,
SPX Index,2021-05-14,22.1808,4173.85,,
SPX Index,2021-05-17,22.0943,4163.29,,
SPX Index,2021-05-18,21.8802,4127.83,,
SPX Index,2021-05-19,21.7938,4115.68,,
SPX Index,2021-05-20,22.0113,4159.12,,
SPX Index,2021-05-21,21.9693,4155.86,,
SPX Index,2021-05-24,22.1772,4197.05,,
SPX Index,2021-05-25,22.1237,4188.13,,
SPX Index,2021-05-26,22.1555,4195.99,,
SPX Index,2021-05-27,22.167,4200.88,,
SPX Index,2021-05-28,22.1816,4204.11,,
SPX Index,2021-05-31,22.1757,,,
SPX Index,2021-06-01,22.1764,4202.04,,
SPX Index,2021-06-02,22.208,4208.12,,
SPX Index,2021-06-03,22.1383,4192.85,,
SPX Index,2021-06-04,22.3146,4229.89,,
SPX Index,2021-06-07,22.2904,4226.52,,
SPX Index,2021-06-08,22.2923,4227.26,,
SPX Index,2021-06-09,22.2449,4219.55,,
SPX Index,2021-06-10,22.3335,4239.18,,
SPX Index,2021-06-11,22.3751,4247.44,,
SPX Index,2021-06-14,22.4081,4255.15,,
SPX Index,2021-06-15,22.3558,4246.59,,
SPX Index,2021-06-16,22.2248,4223.7,,
SPX Index,2021-06-17,22.2081,4221.86,,
SPX Index,2021-06-18,21.9014,4166.45,,
SPX Index,2021-06-21,22.1708,4224.79,,
SPX Index,2021-06-22,22.267,4246.44,,
SPX Index,2021-06-23,22.2408,4241.84,,
SPX Index,2021-06-24,22.3581,4266.49,,
SPX Index,2021-06-25,22.4324,4280.7,,
SPX Index,2021-06-28,22.477,4290.61,,
SPX Index,2021-06-29,22.4823,4291.8,,
SPX Index,2021-06-30,22.495,4297.5,,
SPX Index,2021-07-01,22.599,4319.94,,
SPX Index,2021-07-02,22.7603,4352.34,,
SPX Index,2021-07-05,22.761,,,
SPX Index,2021-07-06,22.6943,4343.54,,
SPX Index,2021-07-07,22.7616,4358.13,,
SPX Index,2021-07-08,22.5597,4320.82,,
SPX Index,2021-07-09,22.8169,4369.55,,
SPX Index,2021-07-12,22.875,4384.63,,
SPX Index,2021-07-13,22.7383,4369.21,,
SPX Index,2021-07-14,22.6953,4374.3,,
SPX Index,2021-07-15,22.5653,4360.03,,
SPX Index,2021-07-16,22.3694,4327.16,,
SPX Index,2021-07-19,21.9946,4258.49,,
SPX Index,2021-07-20,22.3087,4323.06,,
SPX Index,2021-07-21,22.4216,4358.69,,
SPX Index,2021-07-22,22.3979,4367.48,,
SPX Index,2021-07-23,22.6126,4411.79,,
SPX Index,2021-07-26,22.6133,4422.3,,
SPX Index,2021-07-27,22.3134,4401.46,,
SPX Index,2021-07-28,22.1693,4400.64,,
SPX Index,2021-07-29,22.1688,4419.15,,
SPX Index,2021-07-30,22.0208,4395.26,,
SPX Index,2021-08-02,21.9262,4387.16,,
SPX Index,2021-08-03,22.0821,4423.15,,
SPX Index,2021-08-04,21.9624,4402.66,,
SPX Index,2021-08-05,22.0645,4429.1,,
SPX Index,2021-08-06,22.0839,4436.52,,
SPX Index,2021-08-09,22.0377,4432.35,,
SPX Index,2021-08-10,22.0489,4436.75,,
SPX Index,2021-08-11,22.0959,4447.7,,
SPX Index,2021-08-12,22.1518,4460.83,,
SPX Index,2021-08-13,22.1876,4468.0,,
SPX Index,2021-08-16,22.238,4479.71,,
SPX Index,2021-08-17,22.068,4448.08,,
SPX Index,2021-08-18,21.7951,4400.27,,
SPX Index,2021-08-19,21.8121,4405.8,,
SPX Index,2021-08-20,21.9831,4441.67,,
SPX Index,2021-08-23,22.1717,4479.53,,
SPX Index,2021-08-24,22.2066,4486.23,,
SPX Index,2021-08-25,22.2616,4496.19,,
SPX Index,2021-08-26,22.0244,4470.0,,
SPX Index,2021-08-27,22.2171,4509.37,,
SPX Index,2021-08-30,22.3324,4528.79,,
SPX Index,2021-08-31,22.3033,4522.68,,
SPX Index,2021-09-01,22.3114,4524.09,,
SPX Index,2021-09-02,22.3851,4536.95,,
SPX Index,2021-09-03,22.3761,4535.43,,
SPX Index,2021-09-06,22.376,,,
SPX Index,2021-09-07,22.296,4520.03,,
SPX Index,2021-09-08,22.2667,4514.07,,
SPX Index,2021-09-09,22.1665,4493.28,,
SPX Index,2021-09-10,22.0007,4458.58,,
SPX Index,2021-09-13,22.0702,4468.73,,
SPX Index,2021-09-14,22.0641,4443.05,,
SPX Index,2021-09-15,22.2477,4480.7,,
SPX Index,2021-09-16,22.2222,4473.75,,
SPX Index,2021-09-17,22.0222,4432.99,,
SPX Index,2021-09-20,21.6238,4357.73,,
SPX Index,2021-09-21,21.6146,4354.19,,
SPX Index,2021-09-22,21.823,4395.64,,
SPX Index,2021-09-23,22.0913,4448.98,,
SPX Index,2021-09-24,22.1346,4455.48,,
SPX Index,2021-09-27,22.0448,4443.11,,
SPX Index,2021-09-28,21.6018,4352.63,,
SPX Index,2021-09-29,21.6385,4359.46,,
SPX Index,2021-09-30,21.3719,4307.54,,
SPX Index,2021-10-01,21.6176,4357.04,,
SPX Index,2021-10-04,21.3379,4300.46,,
SPX Index,2021-10-05,21.5709,4345.72,,
SPX Index,2021-10-06,21.6539,4363.55,,
SPX Index,2021-10-07,21.8245,4399.76,,
SPX Index,2021-10-08,21.7853,4391.34,,
SPX Index,2021-10-11,21.6434,4361.19,,
SPX Index,2021-10-12,21.5913,4350.65,,
SPX Index,2021-10-13,21.6395,4363.8,,
SPX Index,2021-10-14,21.9661,4438.26,,
SPX Index,2021-10-15,22.0966,4471.37,,
SPX Index,2021-10-18,22.1352,4486.46,,
SPX Index,2021-10-19,22.2852,4519.63,,
SPX Index,2021-10-20,22.3654,4536.19,,
SPX Index,2021-10-21,22.396,4549.78,,
SPX Index,2021-10-22,22.3556,4544.9,,
SPX Index,2021-10-25,22.4606,4566.48,,
SPX Index,2021-10-26,22.4709,4574.79,,
SPX Index,2021-10-27,22.3422,4551.68,,
SPX Index,2021-10-28,22.547,4596.42,,
SPX Index,2021-10-29,22.6084,4605.38,,
SPX Index,2021-11-01,22.6243,4613.67,,
SPX Index,2021-11-02,22.6923,4630.65,,
SPX Index,2021-11-03,22.8256,4660.57,,
SPX Index,2021-11-04,22.9149,4680.06,,
SPX Index,2021-11-05,23.0001,4697.53,,
SPX Index,2021-11-08,23.0154,4701.7,,
SPX Index,2021-11-09,22.9394,4685.25,,
SPX Index,2021-11-10,22.7591,4646.71,,
SPX Index,2021-11-11,22.7758,4649.27,,
SPX Index,2021-11-12,22.9479,4682.85,,
SPX Index,2021-11-15,22.9437,4682.8,,
SPX Index,2021-11-16,23.0131,4700.9,,
SPX Index,2021-11-17,22.9573,4688.67,,
SPX Index,2021-11-18,23.0268,4704.54,,
SPX Index,2021-11-19,22.9902,4697.96,,
SPX Index,2021-11-22,22.9115,4682.94,,
SPX Index,2021-11-23,22.95,4690.7,,
SPX Index,2021-11-24,23.0049,4701.46,,
SPX Index,2021-11-25,23.0055,,,
SPX Index,2021-11-26,22.4842,4594.62,,
SPX Index,2021-11-29,22.7791,4655.27,,
SPX Index,2021-11-30,22.3526,4567.0,,
SPX Index,2021-12-01,22.0892,4513.04,,
SPX Index,2021-12-02,22.4032,4577.1,,
SPX Index,2021-12-03,22.2186,4538.43,,
SPX Index,2021-12-06,22.4758,4591.67,,
SPX Index,2021-12-07,22.9396,4686.75,,
SPX Index,2021-12-08,23.0046,4701.21,,
SPX Index,2021-12-09,22.8545,4667.45,,
SPX Index,2021-12-10,23.0707,4712.02,,
SPX Index,2021-12-13,22.8596,4668.97,,
SPX Index,2021-12-14,22.6922,4634.09,,
SPX Index,2021-12-15,23.0607,4709.85,,
SPX Index,2021-12-16,22.8585,4668.67,,
SPX Index,2021-12-17,22.6226,4620.64,,
SPX Index,2021-12-20,22.2963,4568.02,,
SPX Index,2021-12-21,22.6929,4649.23,,
SPX Index,2021-12-22,22.9241,4696.56,,
SPX Index,2021-12-23,23.0637,4725.79,,
SPX Index,2021-12-24,23.0637,,,
SPX Index,2021-12-27,23.3833,4791.19,,
SPX Index,2021-12-28,23.3611,4786.35,,
SPX Index,2021-12-29,23.395,4793.06,,
SPX Index,2021-12-30,23.3241,4778.73,,
SPX Index,2021-12-31,23.2614,4766.18,,
SPX Index,2022-01-03,23.4068,4796.56,,
SPX Index,2022-01-04,23.3906,4793.54,,
SPX Index,2022-01-05,22.9304,4700.58,,
SPX Index,2022-01-06,22.9063,4696.05,,
SPX Index,2022-01-07,22.8145,4677.03,,
SPX Index,2022-01-10,22.7828,4670.29,,
SPX Index,2022-01-11,22.9885,4713.07,,
SPX Index,2022-01-12,23.0393,4726.35,,
SPX Index,2022-01-13,22.7134,4659.03,,
SPX Index,2022-01-14,22.6988,4662.85,,
SPX Index,2022-01-17,22.6969,,,
SPX Index,2022-01-18,22.2724,4577.11,,
SPX Index,2022-01-19,22.041,4532.76,,
SPX Index,2022-01-20,21.8214,4482.73,,
SPX Index,2022-01-21,21.41,4397.94,,
SPX Index,2022-01-24,21.4837,4410.13,,
SPX Index,2022-01-25,21.2501,4356.45,,
SPX Index,2022-01-26,21.3105,4349.93,,
SPX Index,2022-01-27,21.1986,4326.51,,
SPX Index,2022-01-28,21.7012,4431.85,,
SPX Index,2022-01-31,22.1261,4515.55,,
SPX Index,2022-02-01,22.4503,4546.54,,
SPX Index,2022-02-02,22.7263,4589.38,,
SPX Index,2022-02-03,22.2527,4477.44,,
SPX Index,2022-02-04,22.5066,4500.53,,
SPX Index,2022-02-07,22.4613,4483.87,,
SPX Index,2022-02-08,22.6994,4521.54,,
SPX Index,2022-02-09,23.0568,4587.18,,
SPX Index,2022-02-10,22.6741,4504.08,,
SPX Index,2022-02-11,22.2315,4418.64,,
SPX Index,2022-02-14,22.1532,4401.67,,
SPX Index,2022-02-15,22.5463,4471.07,,
SPX Index,2022-02-16,22.5678,4475.01,,
SPX Index,2022-02-17,22.1219,4380.26,,
SPX Index,2022-02-18,19.4653,4348.87,,
SPX Index,2022-02-21,19.4679,,,
SPX Index,2022-02-22,19.2699,4304.76,,
SPX Index,2022-02-23,18.9162,4225.5,,
SPX Index,2022-02-24,19.2109,4288.7,,
SPX Index,2022-02-25,19.6519,4384.65,,
SPX Index,2022-02-28,19.5872,4373.94,,
SPX Index,2022-03-01,19.2716,4306.26,,
SPX Index,2022-03-02,19.6307,4386.54,,
SPX Index,2022-03-03,19.5031,4363.49,,
SPX Index,2022-03-04,19.3446,4328.87,,
SPX Index,2022-03-07,18.7523,4201.09,,
SPX Index,2022-03-08,18.6085,4170.7,,
SPX Index,2022-03-09,19.0769,4277.88,,
SPX Index,2022-03-10,18.9506,4259.52,,
SPX Index,2022-03-11,18.6698,4204.31,,
SPX Index,2022-03-14,18.5093,4173.11,,
SPX Index,2022-03-15,18.8933,4262.45,,
SPX Index,2022-03-16,19.3232,4357.86,,
SPX Index,2022-03-17,19.5562,4411.67,,
SPX Index,2022-03-18,19.7675,4463.12,,
SPX Index,2022-03-21,19.6947,4461.18,,
SPX Index,2022-03-22,19.9243,4511.61,,
SPX Index,2022-03-23,19.6609,4456.24,,
SPX Index,2022-03-24,19.9438,4520.16,,
SPX Index,2022-03-25,20.0371,4543.06,,
SPX Index,2022-03-28,20.167,4575.52,,
SPX Index,2022-03-29,20.4063,4631.6,,
SPX Index,2022-03-30,20.2832,4602.45,,
SPX Index,2022-03-31,19.9552,4530.41,,
SPX Index,2022-04-01,20.0231,4545.86,,
SPX Index,2022-04-04,20.1749,4582.64,,
SPX Index,2022-04-05,19.9234,4525.12,,
SPX Index,2022-04-06,19.7211,4481.15,,
SPX Index,2022-04-07,19.799,4500.21,,
SPX Index,2022-04-08,19.7461,4488.28,,
SPX Index,2022-04-11,19.435,4412.53,,
SPX Index,2022-04-12,19.3711,4397.45,,
SPX Index,2022-04-13,19.5748,4446.59,,
SPX Index,2022-04-14,19.3116,4392.59,,
SPX Index,2022-04-15,19.3074,,,
SPX Index,2022-04-18,19.2838,4391.69,,
SPX Index,2022-04-19,19.5999,4462.21,,
SPX Index,2022-04-20,19.5601,4459.45,,
SPX Index,2022-04-21,19.2339,4393.66,,
SPX Index,2022-04-22,18.6891,4271.78,,
SPX Index,2022-04-25,18.7943,4296.12,,
SPX Index,2022-04-26,18.2612,4175.2,,
SPX Index,2022-04-27,18.3112,4183.96,,
SPX Index,2022-04-28,18.8027,4287.5,,
SPX Index,2022-04-29,18.1773,4131.93,,
SPX Index,2022-05-02,18.2505,4155.38,,
SPX Index,2022-05-03,18.3399,4175.48,,
SPX Index,2022-05-04,18.8953,4300.17,,
SPX Index,2022-05-05,18.221,4146.87,,
SPX Index,2022-05-06,18.1144,4123.34,,
SPX Index,2022-05-09,17.515,3991.24,,
SPX Index,2022-05-10,17.5522,4001.05,,
SPX Index,2022-05-11,17.2683,3935.18,,
SPX Index,2022-05-12,17.257,3930.08,,
SPX Index,2022-05-13,17.6621,4023.89,,
SPX Index,2022-05-16,17.5845,4008.01,,
SPX Index,2022-05-17,17.9286,4088.85,,
SPX Index,2022-05-18,17.2252,3923.68,,
SPX Index,2022-05-19,17.1279,3900.79,,
SPX Index,2022-05-20,17.1332,3901.36,,
SPX Index,2022-05-23,17.4503,3973.75,,
SPX Index,2022-05-24,17.3013,3941.48,,
SPX Index,2022-05-25,17.467,3978.73,,
SPX Index,2022-05-26,17.8331,4057.84,,
SPX Index,2022-05-27,18.2739,4158.24,,
SPX Index,2022-05-30,18.2714,,,
SPX Index,2022-05-31,18.1477,4132.15,,
SPX Index,2022-06-01,18.012,4101.23,,
SPX Index,2022-06-02,18.3413,4176.82,,
SPX Index,2022-06-03,18.0382,4108.54,,
SPX Index,2022-06-06,18.0694,4121.43,,
SPX Index,2022-06-07,18.2303,4160.68,,
SPX Index,2022-06-08,18.0315,4115.77,,
SPX Index,2022-06-09,17.601,4017.82,,
SPX Index,2022-06-10,17.0866,3900.86,,
SPX Index,2022-06-13,16.4076,3749.63,,
SPX Index,2022-06-14,16.349,3735.48,,
SPX Index,2022-06-15,16.5869,3789.99,,
SPX Index,2022-06-16,16.0502,3666.77,,
SPX Index,2022-06-17,16.0916,3674.84,,
SPX Index,2022-06-20,16.0941,,,
SPX Index,2022-06-21,16.4245,3764.79,,
SPX Index,2022-06-22,16.4083,3759.89,,
SPX Index,2022-06-23,16.5843,3795.73,,
SPX Index,2022-06-24,17.1017,3911.74,,
SPX Index,2022-06-27,17.0581,3900.11,,
SPX Index,2022-06-28,16.7427,3821.55,,
SPX Index,2022-06-29,16.7377,3818.83,,
SPX Index,2022-06-30,16.61,3785.38,,
SPX Index,2022-07-01,16.7995,3825.33,,
SPX Index,2022-07-04,16.7944,,,
SPX Index,2022-07-05,16.8275,3831.39,,
SPX Index,2022-07-06,16.8773,3845.08,,
SPX Index,2022-07-07,17.1298,3902.62,,
SPX Index,2022-07-08,17.1219,3899.38,,
SPX Index,2022-07-11,16.9304,3854.43,,
SPX Index,2022-07-12,16.7981,3818.8,,
SPX Index,2022-07-13,16.7295,3801.78,,
SPX Index,2022-07-14,16.6962,3790.38,,
SPX Index,2022-07-15,17.0082,3863.16,,
SPX Index,2022-07-18,16.8609,3830.85,,
SPX Index,2022-07-19,17.3308,3936.69,,
SPX Index,2022-07-20,17.4419,3959.9,,
SPX Index,2022-07-21,17.6154,3998.95,,
SPX Index,2022-07-22,17.4552,3961.63,,
SPX Index,2022-07-25,17.5001,3966.84,,
SPX Index,2022-07-26,17.3209,3921.05,,
SPX Index,2022-07-27,17.8124,4023.61,,
SPX Index,2022-07-28,18.0893,4072.43,,
SPX Index,2022-07-29,18.3658,4130.29,,
SPX Index,2022-08-01,18.3068,4118.63,,
SPX Index,2022-08-02,18.1915,4091.19,,
SPX Index,2022-08-03,18.4784,4155.17,,
SPX Index,2022-08-04,18.4441,4151.94,,
SPX Index,2022-08-05,18.4291,4145.19,,
SPX Index,2022-08-08,18.4407,4140.06,,
SPX Index,2022-08-09,18.3892,4122.47,,
SPX Index,2022-08-10,18.7814,4210.24,,
SPX Index,2022-08-11,18.7758,4207.27,,
SPX Index,2022-08-12,19.1001,4280.15,,
SPX Index,2022-08-15,19.1783,4297.14,,
SPX Index,2022-08-16,19.2134,4305.2,,
SPX Index,2022-08-17,19.0826,4274.04,,
SPX Index,2022-08-18,19.1239,4283.74,,
SPX Index,2022-08-19,18.8657,4228.48,,
SPX Index,2022-08-22,18.4647,4137.99,,
SPX Index,2022-08-23,18.4322,4128.73,,
SPX Index,2022-08-24,18.524,4140.77,,
SPX Index,2022-08-25,18.7925,4199.12,,
SPX Index,2022-08-26,18.1623,4057.66,,
SPX Index,2022-08-29,18.0213,4030.61,,
SPX Index,2022-08-30,17.8224,3986.16,,
SPX Index,2022-08-31,17.6941,3955.0,,
SPX Index,2022-09-01,17.76,3966.85,,
SPX Index,2022-09-02,17.5712,3924.26,,
SPX Index,2022-09-05,17.5734,,,
SPX Index,2022-09-06,17.5043,3908.19,,
SPX Index,2022-09-07,17.8332,3979.87,,
SPX Index,2022-09-08,17.9508,4006.18,,
SPX Index,2022-09-09,18.2239,4067.36,,
SPX Index,2022-09-12,18.4194,4110.41,,
SPX Index,2022-09-13,17.6419,3932.69,,
SPX Index,2022-09-14,17.7129,3946.01,,
SPX Index,2022-09-15,17.522,3901.35,,
SPX Index,2022-09-16,17.4021,3873.33,,
SPX Index,2022-09-19,17.5157,3899.89,,
SPX Index,2022-09-20,17.3221,3855.93,,
SPX Index,2022-09-21,17.0216,3789.93,,
SPX Index,2022-09-22,16.8816,3757.99,,
SPX Index,2022-09-23,16.5934,3693.23,,
SPX Index,2022-09-26,16.4263,3655.04,,
SPX Index,2022-09-27,16.3952,3647.29,,
SPX Index,2022-09-28,16.7164,3719.04,,
SPX Index,2022-09-29,16.3712,3640.47,,
SPX Index,2022-09-30,16.1375,3585.62,,
SPX Index,2022-10-03,16.5558,3678.43,,
SPX Index,2022-10-04,17.0614,3790.93,,
SPX Index,2022-10-05,17.0309,3783.28,,
SPX Index,2022-10-06,16.8529,3744.52,,
SPX Index,2022-10-07,16.3898,3639.66,,
SPX Index,2022-10-10,16.2749,3612.39,,
SPX Index,2022-10-11,16.1853,3588.84,,
SPX Index,2022-10-12,16.1443,3577.03,,
SPX Index,2022-10-13,16.5742,3669.91,,
SPX Index,2022-10-14,16.1873,3583.07,,
SPX Index,2022-10-17,16.639,3677.95,,
SPX Index,2022-10-18,16.8409,3719.98,,
SPX Index,2022-10-19,16.7241,3695.16,,
SPX Index,2022-10-20,16.5975,3665.78,,
SPX Index,2022-10-21,17.0014,3752.75,,
SPX Index,2022-10-24,17.2077,3797.34,,
SPX Index,2022-10-25,17.4796,3859.11,,
SPX Index,2022-10-26,17.395,3830.6,,
SPX Index,2022-10-27,17.3042,3807.3,,
SPX Index,2022-10-28,17.7263,3901.06,,
SPX Index,2022-10-31,17.5999,3871.98,,
SPX Index,2022-11-01,17.5207,3856.1,,
SPX Index,2022-11-02,17.0962,3759.69,,
SPX Index,2022-11-03,16.9813,3719.89,,
SPX Index,2022-11-04,17.2199,3770.55,,
SPX Index,2022-11-07,17.4006,3806.8,,
SPX Index,2022-11-08,17.5126,3828.11,,
SPX Index,2022-11-09,17.1618,3748.57,,
SPX Index,2022-11-10,18.1218,3956.37,,
SPX Index,2022-11-11,18.2875,3992.93,,
SPX Index,2022-11-14,18.1336,3957.25,,
SPX Index,2022-11-15,18.306,3991.73,,
SPX Index,2022-11-16,18.1737,3958.79,,
SPX Index,2022-11-17,18.113,3946.56,,
SPX Index,2022-11-18,18.1902,3965.34,,
SPX Index,2022-11-21,18.1191,3949.94,,
SPX Index,2022-11-22,18.3603,4003.58,,
SPX Index,2022-11-23,18.4795,4027.26,,
SPX Index,2022-11-24,18.4797,,,
SPX Index,2022-11-25,18.4761,4026.12,,
SPX Index,2022-11-28,18.1945,3963.94,,
SPX Index,2022-11-29,18.1946,3957.63,,
SPX Index,2022-11-30,18.7549,4080.11,,
SPX Index,2022-12-01,18.7394,4076.57,,
SPX Index,2022-12-02,18.7228,4071.7,,
SPX Index,2022-12-05,18.3873,3998.84,,
SPX Index,2022-12-06,18.1213,3941.26,,
SPX Index,2022-12-07,18.0851,3933.92,,
SPX Index,2022-12-08,18.2352,3963.51,,
SPX Index,2022-12-09,18.1055,3934.38,,
SPX Index,2022-12-12,18.389,3990.56,,
SPX Index,2022-12-13,18.5226,4019.65,,
SPX Index,2022-12-14,18.4145,3995.32,,
SPX Index,2022-12-15,17.9648,3895.75,,
SPX Index,2022-12-16,17.7662,3852.36,,
SPX Index,2022-12-19,17.5444,3817.66,,
SPX Index,2022-12-20,17.5628,3821.62,,
SPX Index,2022-12-21,17.8282,3878.44,,
SPX Index,2022-12-22,17.5391,3822.39,,
SPX Index,2022-12-23,17.6419,3844.82,,
SPX Index,2022-12-26,17.6416,,,
SPX Index,2022-12-27,17.5715,3829.25,,
SPX Index,2022-12-28,17.3605,3783.22,,
SPX Index,2022-12-29,17.6635,3849.28,,
SPX Index,2022-12-30,17.6202,3839.5,,
SPX Index,2023-01-02,17.6226,,,
SPX Index,2023-01-03,17.5568,3824.14,,
SPX Index,2023-01-04,17.6977,3852.97,,
SPX Index,2023-01-05,17.5065,3808.1,,
SPX Index,2023-01-06,17.9075,3895.08,,
SPX Index,2023-01-09,17.9147,3892.09,,
SPX Index,2023-01-10,18.0363,3919.25,,
SPX Index,2023-01-11,18.2759,3969.61,,
SPX Index,2023-01-12,18.3448,3983.17,,
SPX Index,2023-01-13,18.4279,3999.09,,
SPX Index,2023-01-16,18.4295,,,
SPX Index,2023-01-17,18.3822,3990.97,,
SPX Index,2023-01-18,18.1124,3928.86,,
SPX Index,2023-01-19,17.9961,3898.85,,
SPX Index,2023-01-20,18.3238,3972.61,,
SPX Index,2023-01-23,18.546,4019.81,,
SPX Index,2023-01-24,18.5823,4016.95,,
SPX Index,2023-01-25,18.6704,4016.22,,
SPX Index,2023-01-26,18.8808,4060.43,,
SPX Index,2023-01-27,18.9361,4070.56,,
SPX Index,2023-01-30,18.6908,4017.77,,
SPX Index,2023-01-31,19.0387,4076.6,,
SPX Index,2023-02-01,19.2083,4119.21,,
NDX Index,2020-01-01,,,24.5239,
NDX Index,2020-01-02,,,24.9146,8872.22
NDX Index,2020-01-03,,,24.6925,8793.9
NDX Index,2020-01-06,,,24.8206,8848.52
NDX Index,2020-01-07,,,24.8166,8846.45
NDX Index,2020-01-08,,,25.0242,8912.37
NDX Index,2020-01-09,,,25.2068,8989.63
NDX Index,2020-01-10,,,25.1396,8966.64
NDX Index,2020-01-13,,,25.4273,9070.65
NDX Index,2020-01-14,,,25.3218,9033.42
NDX Index,2020-01-15,,,25.3372,9035.67
NDX Index,2020-01-16,,,25.5761,9125.0
NDX Index,2020-01-17,,,25.7205,9173.73
NDX Index,2020-01-20,,,25.7204,
NDX Index,2020-01-21,,,25.6877,9166.63
NDX Index,2020-01-22,,,25.7771,9188.58
NDX Index,2020-01-23,,,25.9263,9216.98
NDX Index,2020-01-24,,,25.7526,9141.47
NDX Index,2020-01-27,,,25.2111,8952.18
NDX Index,2020-01-28,,,25.4805,9090.93
NDX Index,2020-01-29,,,25.7423,9101.61
NDX Index,2020-01-30,,,26.3551,9136.09
NDX Index,2020-01-31,,,25.8393,8991.51
NDX Index,2020-02-03,,,26.8559,9126.23
NDX Index,2020-02-04,,,27.5974,9334.06
NDX Index,2020-02-05,,,27.7041,9367.48
NDX Index,2020-02-06,,,27.9509,9445.92
NDX Index,2020-02-07,,,27.8182,9401.1
NDX Index,2020-02-10,,,28.1619,9516.84
NDX Index,2020-02-11,,,28.1653,9517.86
NDX Index,2020-02-12,,,28.4482,9613.2
NDX Index,2020-02-13,,,28.5163,9595.7
NDX Index,2020-02-14,,,28.5844,9623.58
NDX Index,2020-02-17,,,28.5847,
NDX Index,2020-02-18,,,28.6086,9629.8
NDX Index,2020-02-19,,,28.8778,9718.73
NDX Index,2020-02-20,,,28.6065,9627.83
NDX Index,2020-02-21,,,28.0677,9446.69
NDX Index,2020-02-24,,,26.9785,9079.63
NDX Index,2020-02-25,,,26.2502,8834.87
NDX Index,2020-02-26,,,26.458,8873.76
NDX Index,2020-02-27,,,25.1762,8436.67
NDX Index,2020-02-28,,,25.2508,8461.83
NDX Index,2020-03-02,,,26.5227,8877.98
NDX Index,2020-03-03,,,25.6747,8594.49
NDX Index,2020-03-04,,,26.7447,8949.28
NDX Index,2020-03-05,,,25.9148,8671.66
NDX Index,2020-03-06,,,25.4926,8530.34
NDX Index,2020-03-09,,,23.7526,7948.03
NDX Index,2020-03-10,,,25.0208,8372.27
NDX Index,2020-03-11,,,23.9266,8006.12
NDX Index,2020-03-12,,,18.2479,7263.65
NDX Index,2020-03-13,,,20.1866,7995.26
NDX Index,2020-03-16,,,17.9534,7020.38
NDX Index,2020-03-17,,,19.1224,7473.95
NDX Index,2020-03-18,,,18.5501,7175.18
NDX Index,2020-03-19,,,18.9301,7288.52
NDX Index,2020-03-20,,,18.4199,6994.29
NDX Index,2020-03-23,,,18.6417,7006.92
NDX Index,2020-03-24,,,20.2511,7553.83
NDX Index,2020-03-25,,,20.12,7469.62
NDX Index,2020-03-26,,,21.3947,7897.13
NDX Index,2020-03-27,,,20.6079,7588.37
NDX Index,2020-03-30,,,21.6708,7889.01
NDX Index,2020-03-31,,,21.5286,7813.5
NDX Index,2020-04-01,,,20.7051,7486.29
NDX Index,2020-04-02,,,21.2015,7635.66
NDX Index,2020-04-03,,,20.9258,7528.11
NDX Index,2020-04-06,,,22.5573,8081.66
NDX Index,2020-04-07,,,22.6887,8049.31
NDX Index,2020-04-08,,,23.4531,8229.54
NDX Index,2020-04-09,,,23.6109,8238.53
NDX Index,2020-04-10,,,23.6109,
NDX Index,2020-04-13,,,23.9236,8332.74
NDX Index,2020-04-14,,,25.0416,8692.16
NDX Index,2020-04-15,,,24.8722,8591.96
NDX Index,2020-04-16,,,25.4344,8757.83
NDX Index,2020-04-17,,,25.6853,8832.41
NDX Index,2020-04-20,,,25.1828,8726.51
NDX Index,2020-04-21,,,24.3584,8403.0
NDX Index,2020-04-22,,,25.2534,8664.64
NDX Index,2020-04-23,,,25.1722,8641.5
NDX Index,2020-04-24,,,25.6938,8786.6
NDX Index,2020-04-27,,,25.9138,8837.66
NDX Index,2020-04-28,,,25.418,8677.6
NDX Index,2020-04-29,,,26.1629,8982.76
NDX Index,2020-04-30,,,26.2001,9000.51
NDX Index,2020-05-01,,,25.6742,8718.18
NDX Index,2020-05-04,,,26.0363,8834.11
NDX Index,2020-05-05,,,26.3615,8930.62
NDX Index,2020-05-06,,,26.4472,8984.86
NDX Index,2020-05-07,,,26.8491,9101.88
NDX Index,2020-05-08,,,27.2962,9220.35
NDX Index,2020-05-11,,,27.5675,9298.92
NDX Index,2020-05-12,,,27.0105,9112.45
NDX Index,2020-05-13,,,26.7004,9000.08
NDX Index,2020-05-14,,,26.9903,9094.43
NDX Index,2020-05-15,,,27.1489,9152.64
NDX Index,2020-05-18,,,27.6812,9331.93
NDX Index,2020-05-19,,,27.5859,9298.55
NDX Index,2020-05-20,,,28.2885,9485.02
NDX Index,2020-05-21,,,28.0763,9377.99
NDX Index,2020-05-22,,,28.1885,9413.99
NDX Index,2020-05-25,,,28.186,
NDX Index,2020-05-26,,,28.1208,9389.98
NDX Index,2020-05-27,,,28.2653,9442.05
NDX Index,2020-05-28,,,28.1447,9416.71
NDX Index,2020-05-29,,,28.5727,9555.52
NDX Index,2020-06-01,,,28.7165,9598.89
NDX Index,2020-06-02,,,28.9009,9657.31
NDX Index,2020-06-03,,,29.0336,9704.69
NDX Index,2020-06-04,,,28.9413,9629.66
NDX Index,2020-06-05,,,29.5039,9824.39
NDX Index,2020-06-08,,,29.7383,9901.52
NDX Index,2020-06-09,,,29.9396,9967.17
NDX Index,2020-06-10,,,30.3808,10094.26
NDX Index,2020-06-11,,,28.8494,9588.48
NDX Index,2020-06-12,,,29.0834,9663.77
NDX Index,2020-06-15,,,29.436,9776.89
NDX Index,2020-06-16,,,29.9588,9949.37
NDX Index,2020-06-17,,,30.0654,9982.48
NDX Index,2020-06-18,,,30.143,10012.05
NDX Index,2020-06-19,,,30.1275,10008.64
NDX Index,2020-06-22,,,30.0817,10130.33
NDX Index,2020-06-23,,,30.3158,10209.82
NDX Index,2020-06-24,,,29.6925,10002.7
NDX Index,2020-06-25,,,29.9742,10101.83
NDX Index,2020-06-26,,,29.2287,9849.36
NDX Index,2020-06-29,,,29.4925,9961.16
NDX Index,2020-06-30,,,30.0364,10156.85
NDX Index,2020-07-01,,,30.3817,10279.25
NDX Index,2020-07-02,,,30.5617,10341.89
NDX Index,2020-07-03,,,30.5739,
NDX Index,2020-07-06,,,31.3487,10604.06
NDX Index,2020-07-07,,,31.056,10524.01
NDX Index,2020-07-08,,,31.5343,10666.7
NDX Index,2020-07-09,,,31.9171,10754.59
NDX Index,2020-07-10,,,32.1775,10836.33
NDX Index,2020-07-13,,,31.4345,10602.21
NDX Index,2020-07-14,,,31.745,10689.52
NDX Index,2020-07-15,,,31.7549,10701.68
NDX Index,2020-07-16,,,31.4874,10626.46
NDX Index,2020-07-17,,,31.5451,10645.22
NDX Index,2020-07-20,,,32.5466,10952.08
NDX Index,2020-07-21,,,32.1281,10833.07
NDX Index,2020-07-22,,,32.0987,10870.75
NDX Index,2020-07-23,,,31.1516,10580.59
NDX Index,2020-07-24,,,30.8573,10483.13
NDX Index,2020-07-27,,,31.4511,10674.38
NDX Index,2020-07-28,,,30.9583,10532.5
NDX Index,2020-07-29,,,31.2825,10662.98
NDX Index,2020-07-30,,,31.1533,10715.51
NDX Index,2020-07-31,,,30.8349,10905.88
NDX Index,2020-08-03,,,31.2618,11055.08
NDX Index,2020-08-04,,,31.3463,11096.54
NDX Index,2020-08-05,,,31.4152,11125.44
NDX Index,2020-08-06,,,31.8013,11267.08
NDX Index,2020-08-07,,,31.4038,11139.39
NDX Index,2020-08-10,,,31.266,11085.17
NDX Index,2020-08-11,,,30.6856,10876.08
NDX Index,2020-08-12,,,31.5019,11157.72
NDX Index,2020-08-13,,,31.5645,11178.37
NDX Index,2020-08-14,,,31.4991,11164.45
NDX Index,2020-08-17,,,31.8242,11288.57
NDX Index,2020-08-18,,,32.1283,11399.03
NDX Index,2020-08-19,,,31.8968,11318.64
NDX Index,2020-08-20,,,32.3152,11477.05
NDX Index,2020-08-21,,,32.5368,11555.16
NDX Index,2020-08-24,,,32.8576,11626.17
NDX Index,2020-08-25,,,33.0946,11721.81
NDX Index,2020-08-26,,,33.8195,11971.94
NDX Index,2020-08-27,,,33.7007,11926.16
NDX Index,2020-08-28,,,33.8962,11995.85
NDX Index,2020-08-31,,,34.1468,12110.7
NDX Index,2020-09-01,,,34.6557,12292.86
NDX Index,2020-09-02,,,34.9951,12420.54
NDX Index,2020-09-03,,,33.3036,11771.37
NDX Index,2020-09-04,,,32.8649,11622.13
NDX Index,2020-09-07,,,32.8645,
NDX Index,2020-09-08,,,31.3075,11068.26
NDX Index,2020-09-09,,,32.237,11395.85
NDX Index,2020-09-10,,,31.5499,11154.12
NDX Index,2020-09-11,,,31.3576,11087.4
NDX Index,2020-09-14,,,31.8871,11277.76
NDX Index,2020-09-15,,,32.3596,11438.87
NDX Index,2020-09-16,,,31.811,11247.6
NDX Index,2020-09-17,,,31.3378,11080.95
NDX Index,2020-09-18,,,30.9256,10936.98
NDX Index,2020-09-21,,,31.0838,10980.22
NDX Index,2020-09-22,,,31.662,11186.37
NDX Index,2020-09-23,,,30.6587,10833.33
NDX Index,2020-09-24,,,30.7773,10896.47
NDX Index,2020-09-25,,,31.4881,11151.13
NDX Index,2020-09-28,,,32.0877,11364.45
NDX Index,2020-09-29,,,31.9857,11322.95
NDX Index,2020-09-30,,,32.2714,11418.06
NDX Index,2020-10-01,,,32.714,11583.2
NDX Index,2020-10-02,,,31.7891,11255.69
NDX Index,2020-10-05,,,32.5072,11509.06
NDX Index,2020-10-06,,,31.8808,11291.27
NDX Index,2020-10-07,,,32.4668,11503.19
NDX Index,2020-10-08,,,32.5911,11550.94
NDX Index,2020-10-09,,,33.0804,11725.85
NDX Index,2020-10-12,,,34.1446,12088.11
NDX Index,2020-10-13,,,34.1351,12083.17
NDX Index,2020-10-14,,,33.8481,11985.36
NDX Index,2020-10-15,,,33.61,11898.57
NDX Index,2020-10-16,,,33.465,11852.17
NDX Index,2020-10-19,,,32.7913,11634.35
NDX Index,2020-10-20,,,32.9065,11677.84
NDX Index,2020-10-21,,,32.8555,11665.37
NDX Index,2020-10-22,,,32.8631,11662.91
NDX Index,2020-10-23,,,32.9829,11692.57
NDX Index,2020-10-26,,,32.5665,11504.52
NDX Index,2020-10-27,,,32.6145,11598.95
NDX Index,2020-10-28,,,31.2734,11142.76
NDX Index,2020-10-29,,,31.6326,11350.74
NDX Index,2020-10-30,,,30.5735,11052.95
NDX Index,2020-11-02,,,30.6082,11084.76
NDX Index,2020-11-03,,,31.072,11279.91
NDX Index,2020-11-04,,,32.3836,11777.02
NDX Index,2020-11-05,,,33.1714,12078.07
NDX Index,2020-11-06,,,33.2341,12091.35
NDX Index,2020-11-09,,,32.532,11830.39
NDX Index,2020-11-10,,,31.9703,11624.29
NDX Index,2020-11-11,,,32.713,11892.93
NDX Index,2020-11-12,,,32.5655,11827.14
NDX Index,2020-11-13,,,32.8473,11937.84
NDX Index,2020-11-16,,,33.0527,12013.38
NDX Index,2020-11-17,,,32.9222,11977.49
NDX Index,2020-11-18,,,32.6992,11894.71
NDX Index,2020-11-19,,,32.9308,11985.43
NDX Index,2020-11-20,,,32.7094,11906.44
NDX Index,2020-11-23,,,32.6976,11905.94
NDX Index,2020-11-24,,,33.1776,12079.81
NDX Index,2020-11-25,,,33.3729,12152.22
NDX Index,2020-11-26,,,33.3723,
NDX Index,2020-11-27,,,33.6833,12258.21
NDX Index,2020-11-30,,,33.7118,12268.32
NDX Index,2020-12-01,,,34.2098,12455.33
NDX Index,2020-12-02,,,34.2196,12456.41
NDX Index,2020-12-03,,,34.2296,12467.13
NDX Index,2020-12-04,,,34.3937,12528.48
NDX Index,2020-12-07,,,34.5824,12596.47
NDX Index,2020-12-08,,,34.6708,12635.72
NDX Index,2020-12-09,,,33.936,12364.64
NDX Index,2020-12-10,,,34.0478,12401.74
NDX Index,2020-12-11,,,33.9678,12375.41
NDX Index,2020-12-14,,,34.204,12462.21
NDX Index,2020-12-15,,,34.552,12595.92
NDX Index,2020-12-16,,,34.7664,12668.16
NDX Index,2020-12-17,,,34.9964,12752.06
NDX Index,2020-12-18,,,34.9738,12738.18
NDX Index,2020-12-21,,,34.515,12690.26
NDX Index,2020-12-22,,,34.5714,12717.56
NDX Index,2020-12-23,,,34.3916,12653.14
NDX Index,2020-12-24,,,34.5495,12711.01
NDX Index,2020-12-25,,,34.5495,
NDX Index,2020-12-28,,,34.8968,12838.86
NDX Index,2020-12-29,,,34.9085,12843.49
NDX Index,2020-12-30,,,34.9114,12845.36
NDX Index,2020-12-31,,,35.0279,12888.28
NDX Index,2021-01-01,,,35.0279,
NDX Index,2021-01-04,,,34.5048,12694.66
NDX Index,2021-01-05,,,34.7921,12802.38
NDX Index,2021-01-06,,,34.3062,12623.35
NDX Index,2021-01-07,,,35.2511,12939.57
NDX Index,2021-01-08,,,35.6999,13105.2
NDX Index,2021-01-11,,,35.1153,12902.49
NDX Index,2021-01-12,,,35.0772,12892.09
NDX Index,2021-01-13,,,35.2953,12973.63
NDX Index,2021-01-14,,,35.0903,12898.69
NDX Index,2021-01-15,,,34.8459,12803.93
NDX Index,2021-01-18,,,34.8376,
NDX Index,2021-01-19,,,35.3221,12996.54
NDX Index,2021-01-20,,,36.1271,13296.45
NDX Index,2021-01-21,,,36.4146,13404.99
NDX Index,2021-01-22,,,36.2825,13366.4
NDX Index,2021-01-25,,,36.5818,13483.29
NDX Index,2021-01-26,,,36.393,13490.19
NDX Index,2021-01-27,,,35.1834,13112.65
NDX Index,2021-01-28,,,35.4463,13201.53
NDX Index,2021-01-29,,,34.6769,12925.38
NDX Index,2021-02-01,,,35.5296,13248.9
NDX Index,2021-02-02,,,37.0306,13456.12
NDX Index,2021-02-03,,,37.1335,13402.37
NDX Index,2021-02-04,,,37.6066,13560.89
NDX Index,2021-02-05,,,37.7514,13603.96
NDX Index,2021-02-08,,,37.9943,13695.02
NDX Index,2021-02-09,,,38.1789,13687.08
NDX Index,2021-02-10,,,38.1016,13655.27
NDX Index,2021-02-11,,,38.3223,13734.35
NDX Index,2021-02-12,,,38.5216,13807.7
NDX Index,2021-02-15,,,38.5215,
NDX Index,2021-02-16,,,38.4291,13773.77
NDX Index,2021-02-17,,,38.3232,13699.71
NDX Index,2021-02-18,,,38.1387,13637.51
NDX Index,2021-02-19,,,37.9813,13580.78
NDX Index,2021-02-22,,,36.988,13223.74
NDX Index,2021-02-23,,,36.9699,13194.71
NDX Index,2021-02-24,,,37.3192,13302.19
NDX Index,2021-02-25,,,36.2129,12828.31
NDX Index,2021-02-26,,,36.4314,12909.44
NDX Index,2021-03-01,,,37.494,13282.95
NDX Index,2021-03-02,,,36.8722,13059.95
NDX Index,2021-03-03,,,35.8446,12683.33
NDX Index,2021-03-04,,,35.3353,12464.0
NDX Index,2021-03-05,,,35.9151,12668.51
NDX Index,2021-03-08,,,34.8675,12299.08
NDX Index,2021-03-09,,,36.2719,12794.49
NDX Index,2021-03-10,,,36.1517,12752.07
NDX Index,2021-03-11,,,27.7673,13052.9
NDX Index,2021-03-12,,,27.5271,12937.29
NDX Index,2021-03-15,,,27.8456,13082.54
NDX Index,2021-03-16,,,27.9897,13152.28
NDX Index,2021-03-17,,,28.094,13202.38
NDX Index,2021-03-18,,,27.22,12789.14
NDX Index,2021-03-19,,,27.3759,12866.99
NDX Index,2021-03-22,,,27.8793,13086.51
NDX Index,2021-03-23,,,27.7523,13017.79
NDX Index,2021-03-24,,,27.3009,12798.88
NDX Index,2021-03-25,,,27.2608,12780.51
NDX Index,2021-03-26,,,27.6806,12979.12
NDX Index,2021-03-29,,,27.6505,12965.74
NDX Index,2021-03-30,,,27.489,12896.53
NDX Index,2021-03-31,,,27.8088,13091.44
NDX Index,2021-04-01,,,28.2477,13329.51
NDX Index,2021-04-02,,,28.2522,
NDX Index,2021-04-05,,,28.8194,13598.16
NDX Index,2021-04-06,,,28.7739,13578.46
NDX Index,2021-04-07,,,28.8749,13616.7
NDX Index,2021-04-08,,,29.199,13758.5
NDX Index,2021-04-09,,,29.3829,13845.05
NDX Index,2021-04-12,,,29.3348,13819.35
NDX Index,2021-04-13,,,29.68,13986.49
NDX Index,2021-04-14,,,29.2818,13803.91
NDX Index,2021-04-15,,,29.7506,14026.19
NDX Index,2021-04-16,,,29.7878,14041.91
NDX Index,2021-04-19,,,29.4424,13907.67
NDX Index,2021-04-20,,,29.2757,13809.3
NDX Index,2021-04-21,,,29.4951,13935.15
NDX Index,2021-04-22,,,29.0983,13762.36
NDX Index,2021-04-23,,,29.5057,13941.44
NDX Index,2021-04-26,,,29.6756,14026.16
NDX Index,2021-04-27,,,29.3443,13960.28
NDX Index,2021-04-28,,,28.2829,13901.62
NDX Index,2021-04-29,,,28.1827,13970.21
NDX Index,2021-04-30,,,27.7932,13860.76
NDX Index,2021-05-03,,,27.6451,13799.72
NDX Index,2021-05-04,,,27.1253,13544.67
NDX Index,2021-05-05,,,27.0353,13503.37
NDX Index,2021-05-06,,,27.1755,13613.73
NDX Index,2021-05-07,,,27.3757,13719.63
NDX Index,2021-05-10,,,26.649,13359.08
NDX Index,2021-05-11,,,26.6623,13351.27
NDX Index,2021-05-12,,,25.9639,13001.63
NDX Index,2021-05-13,,,26.1709,13109.15
NDX Index,2021-05-14,,,26.7383,13393.12
NDX Index,2021-05-17,,,26.5574,13312.91
NDX Index,2021-05-18,,,26.3914,13217.68
NDX Index,2021-05-19,,,26.461,13237.91
NDX Index,2021-05-20,,,26.957,13494.09
NDX Index,2021-05-21,,,26.7517,13411.74
NDX Index,2021-05-24,,,27.2094,13641.75
NDX Index,2021-05-25,,,27.2429,13657.73
NDX Index,2021-05-26,,,27.3205,13702.74
NDX Index,2021-05-27,,,27.2046,13657.85
NDX Index,2021-05-28,,,27.2633,13686.51
NDX Index,2021-05-31,,,27.2648,
NDX Index,2021-06-01,,,27.1988,13654.59
NDX Index,2021-06-02,,,27.2494,13675.79
NDX Index,2021-06-03,,,27.0342,13529.68
NDX Index,2021-06-04,,,27.5109,13770.77
NDX Index,2021-06-07,,,27.5807,13802.89
NDX Index,2021-06-08,,,27.5936,13810.86
NDX Index,2021-06-09,,,27.6005,13814.94
NDX Index,2021-06-10,,,27.8418,13960.35
NDX Index,2021-06-11,,,27.9193,13998.3
NDX Index,2021-06-14,,,28.1763,14128.2
NDX Index,2021-06-15,,,27.9785,14030.41
NDX Index,2021-06-16,,,27.882,13983.01
NDX Index,2021-06-17,,,28.2552,14163.81
NDX Index,2021-06-18,,,28.0254,14049.58
NDX Index,2021-06-21,,,28.2042,14137.23
NDX Index,2021-06-22,,,28.4673,14270.42
NDX Index,2021-06-23,,,28.475,14274.24
NDX Index,2021-06-24,,,28.6572,14365.96
NDX Index,2021-06-25,,,28.613,14345.18
NDX Index,2021-06-28,,,28.9695,14524.98
NDX Index,2021-06-29,,,29.0613,14572.75
NDX Index,2021-06-30,,,28.9991,14554.8
NDX Index,2021-07-01,,,28.9667,14560.05
NDX Index,2021-07-02,,,29.297,14727.63
NDX Index,2021-07-05,,,29.303,
NDX Index,2021-07-06,,,29.4156,14786.36
NDX Index,2021-07-07,,,29.4617,14810.54
NDX Index,2021-07-08,,,29.2944,14722.14
NDX Index,2021-07-09,,,29.491,14826.09
NDX Index,2021-07-12,,,29.5902,14877.89
NDX Index,2021-07-13,,,29.5707,14874.54
NDX Index,2021-07-14,,,29.6147,14900.44
NDX Index,2021-07-15,,,29.3946,14794.69
NDX Index,2021-07-16,,,29.1641,14681.38
NDX Index,2021-07-19,,,28.8968,14549.09
NDX Index,2021-07-20,,,29.2368,14728.21
NDX Index,2021-07-21,,,29.5177,14842.63
NDX Index,2021-07-22,,,29.6896,14940.17
NDX Index,2021-07-23,,,30.0496,15111.79
NDX Index,2021-07-26,,,30.0313,15125.95
NDX Index,2021-07-27,,,29.1506,14956.97
NDX Index,2021-07-28,,,28.9391,15018.1
NDX Index,2021-07-29,,,28.8636,15048.36
NDX Index,2021-07-30,,,28.6597,14959.9
NDX Index,2021-08-02,,,28.6175,14963.62
NDX Index,2021-08-03,,,28.7948,15061.42
NDX Index,2021-08-04,,,28.8043,15083.39
NDX Index,2021-08-05,,,28.8719,15181.64
NDX Index,2021-08-06,,,28.707,15109.36
NDX Index,2021-08-09,,,28.7547,15133.11
NDX Index,2021-08-10,,,28.6139,15053.58
NDX Index,2021-08-11,,,28.561,15027.76
NDX Index,2021-08-12,,,28.6812,15088.98
NDX Index,2021-08-13,,,28.7746,15136.68
NDX Index,2021-08-16,,,28.7833,15140.77
NDX Index,2021-08-17,,,28.5212,15002.83
NDX Index,2021-08-18,,,28.1836,14857.92
NDX Index,2021-08-19,,,28.304,14933.94
NDX Index,2021-08-20,,,28.5957,15092.57
NDX Index,2021-08-23,,,29.0121,15312.82
NDX Index,2021-08-24,,,29.0952,15357.68
NDX Index,2021-08-25,,,29.1292,15368.92
NDX Index,2021-08-26,,,29.1128,15278.52
NDX Index,2021-08-27,,,29.414,15432.95
NDX Index,2021-08-30,,,29.7471,15605.09
NDX Index,2021-08-31,,,29.7113,15582.51
NDX Index,2021-09-01,,,29.7849,15611.57
NDX Index,2021-09-02,,,29.8417,15604.25
NDX Index,2021-09-03,,,29.9293,15652.86
NDX Index,2021-09-06,,,29.9276,
NDX Index,2021-09-07,,,29.9612,15675.76
NDX Index,2021-09-08,,,29.8368,15620.85
NDX Index,2021-09-09,,,29.7162,15561.05
NDX Index,2021-09-10,,,29.4858,15440.75
NDX Index,2021-09-13,,,29.5333,15434.5
NDX Index,2021-09-14,,,29.4937,15382.9
NDX Index,2021-09-15,,,29.7024,15503.53
NDX Index,2021-09-16,,,29.7635,15515.91
NDX Index,2021-09-17,,,29.4134,15333.47
NDX Index,2021-09-20,,,28.845,15012.19
NDX Index,2021-09-21,,,28.8877,15027.77
NDX Index,2021-09-22,,,29.1721,15176.51
NDX Index,2021-09-23,,,29.4379,15316.58
NDX Index,2021-09-24,,,29.4639,15329.68
NDX Index,2021-09-27,,,29.137,15204.83
NDX Index,2021-09-28,,,28.3353,14770.3
NDX Index,2021-09-29,,,28.3083,14752.89
NDX Index,2021-09-30,,,28.1855,14689.62
NDX Index,2021-10-01,,,28.3817,14791.87
NDX Index,2021-10-04,,,27.7575,14472.12
NDX Index,2021-10-05,,,28.1764,14674.15
NDX Index,2021-10-06,,,28.3593,14766.75
NDX Index,2021-10-07,,,28.6101,14897.13
NDX Index,2021-10-08,,,28.4633,14820.75
NDX Index,2021-10-11,,,28.2619,14713.73
NDX Index,2021-10-12,,,28.1669,14662.11
NDX Index,2021-10-13,,,28.3855,14774.6
NDX Index,2021-10-14,,,28.9158,15052.42
NDX Index,2021-10-15,,,29.1003,15146.92
NDX Index,2021-10-18,,,29.4039,15300.89
NDX Index,2021-10-19,,,29.6095,15410.72
NDX Index,2021-10-20,,,29.5996,15388.71
NDX Index,2021-10-21,,,29.7504,15489.59
NDX Index,2021-10-22,,,29.4857,15355.07
NDX Index,2021-10-25,,,29.8128,15514.19
NDX Index,2021-10-26,,,29.8402,15559.49
NDX Index,2021-10-27,,,29.947,15598.39
NDX Index,2021-10-28,,,30.3266,15778.16
NDX Index,2021-10-29,,,30.5555,15850.47
NDX Index,2021-11-01,,,30.6367,15905.28
NDX Index,2021-11-02,,,30.7445,15972.49
NDX Index,2021-11-03,,,31.0478,16144.5
NDX Index,2021-11-04,,,31.5326,16346.24
NDX Index,2021-11-05,,,31.5904,16359.38
NDX Index,2021-11-08,,,31.5428,16336.03
NDX Index,2021-11-09,,,31.3432,16219.94
NDX Index,2021-11-10,,,30.8945,15985.57
NDX Index,2021-11-11,,,30.9834,16032.47
NDX Index,2021-11-12,,,31.33,16199.88
NDX Index,2021-11-15,,,31.315,16189.12
NDX Index,2021-11-16,,,31.5505,16309.77
NDX Index,2021-11-17,,,31.6108,16308.07
NDX Index,2021-11-18,,,31.9501,16482.97
NDX Index,2021-11-19,,,32.1211,16573.34
NDX Index,2021-11-22,,,31.7446,16380.98
NDX Index,2021-11-23,,,31.6096,16306.72
NDX Index,2021-11-24,,,31.7285,16367.81
NDX Index,2021-11-25,,,31.7285,
NDX Index,2021-11-26,,,31.0706,16025.58
NDX Index,2021-11-29,,,31.7787,16399.24
NDX Index,2021-11-30,,,31.2588,16135.92
NDX Index,2021-12-01,,,30.7911,15877.72
NDX Index,2021-12-02,,,31.0271,15990.76
NDX Index,2021-12-03,,,30.5102,15712.04
NDX Index,2021-12-06,,,30.7629,15846.16
NDX Index,2021-12-07,,,31.6928,16325.66
NDX Index,2021-12-08,,,31.7977,16394.34
NDX Index,2021-12-09,,,31.3958,16149.57
NDX Index,2021-12-10,,,31.7458,16331.98
NDX Index,2021-12-13,,,31.2589,16082.55
NDX Index,2021-12-14,,,30.9133,15914.9
NDX Index,2021-12-15,,,31.6549,16289.59
NDX Index,2021-12-16,,,30.8467,15863.94
NDX Index,2021-12-17,,,30.7268,15801.46
NDX Index,2021-12-20,,,30.548,15627.64
NDX Index,2021-12-21,,,31.2473,15986.28
NDX Index,2021-12-22,,,31.6201,16180.14
NDX Index,2021-12-23,,,31.8715,16308.21
NDX Index,2021-12-24,,,31.8717,
NDX Index,2021-12-27,,,32.3785,16567.5
NDX Index,2021-12-28,,,32.2244,16488.66
NDX Index,2021-12-29,,,32.2288,16491.01
NDX Index,2021-12-30,,,32.1091,16429.1
NDX Index,2021-12-31,,,31.8935,16320.08
NDX Index,2022-01-03,,,32.2323,16501.77
NDX Index,2022-01-04,,,31.7741,16279.73
NDX Index,2022-01-05,,,30.7822,15771.78
NDX Index,2022-01-06,,,30.7683,15765.36
NDX Index,2022-01-07,,,30.4322,15592.19
NDX Index,2022-01-10,,,30.4739,15614.43
NDX Index,2022-01-11,,,30.9253,15844.12
NDX Index,2022-01-12,,,31.0444,15905.1
NDX Index,2022-01-13,,,30.246,15495.62
NDX Index,2022-01-14,,,30.4631,15611.59
NDX Index,2022-01-17,,,30.4637,
NDX Index,2022-01-18,,,29.678,15210.76
NDX Index,2022-01-19,,,29.3607,15047.84
NDX Index,2022-01-20,,,29.0267,14846.46
NDX Index,2022-01-21,,,28.2217,14438.4
NDX Index,2022-01-24,,,28.3573,14509.58
NDX Index,2022-01-25,,,27.6053,14149.12
NDX Index,2022-01-26,,,27.7363,14172.76
NDX Index,2022-01-27,,,27.3351,14003.11
NDX Index,2022-01-28,,,28.1602,14454.61
NDX Index,2022-01-31,,,29.1274,14930.05
NDX Index,2022-02-01,,,30.0074,15019.68
NDX Index,2022-02-02,,,30.0329,15139.74
NDX Index,2022-02-03,,,29.021,14501.11
NDX Index,2022-02-04,,,29.3854,14694.35
NDX Index,2022-02-07,,,29.3073,14571.25
NDX Index,2022-02-08,,,29.7704,14747.03
NDX Index,2022-02-09,,,30.3876,15056.96
NDX Index,2022-02-10,,,29.6846,14705.64
NDX Index,2022-02-11,,,28.7948,14253.84
NDX Index,2022-02-14,,,28.8246,14268.59
NDX Index,2022-02-15,,,29.5049,14620.82
NDX Index,2022-02-16,,,29.4629,14603.64
NDX Index,2022-02-17,,,28.5916,14171.74
NDX Index,2022-02-18,,,28.2698,14009.54
NDX Index,2022-02-21,,,28.2702,
NDX Index,2022-02-22,,,28.012,13870.53
NDX Index,2022-02-23,,,27.265,13509.43
NDX Index,2022-02-24,,,28.1998,13974.67
NDX Index,2022-02-25,,,28.6327,14189.16
NDX Index,2022-02-28,,,28.8842,14237.81
NDX Index,2022-03-01,,,28.4488,14005.99
NDX Index,2022-03-02,,,28.939,14243.69
NDX Index,2022-03-03,,,24.4478,14035.21
NDX Index,2022-03-04,,,24.0957,13837.83
NDX Index,2022-03-07,,,23.2004,13319.38
NDX Index,2022-03-08,,,23.1184,13267.61
NDX Index,2022-03-09,,,23.9287,13742.2
NDX Index,2022-03-10,,,23.6689,13591.0
NDX Index,2022-03-11,,,23.1667,13301.83
NDX Index,2022-03-14,,,22.7328,13046.64
NDX Index,2022-03-15,,,23.3994,13458.56
NDX Index,2022-03-16,,,24.2821,13956.79
NDX Index,2022-03-17,,,24.5487,14118.6
NDX Index,2022-03-18,,,25.0759,14420.08
NDX Index,2022-03-21,,,25.0546,14376.09
NDX Index,2022-03-22,,,25.5546,14654.33
NDX Index,2022-03-23,,,25.1939,14447.55
NDX Index,2022-03-24,,,25.7513,14765.69
NDX Index,2022-03-25,,,25.7315,14754.31
NDX Index,2022-03-28,,,26.1312,14987.4
NDX Index,2022-03-29,,,26.56,15239.32
NDX Index,2022-03-30,,,26.2657,15071.55
NDX Index,2022-03-31,,,25.8593,14838.49
NDX Index,2022-04-01,,,25.9022,14861.21
NDX Index,2022-04-04,,,26.4344,15159.58
NDX Index,2022-04-05,,,25.845,14820.64
NDX Index,2022-04-06,,,25.2786,14498.88
NDX Index,2022-04-07,,,25.3585,14531.81
NDX Index,2022-04-08,,,24.9885,14327.26
NDX Index,2022-04-11,,,24.4201,13990.21
NDX Index,2022-04-12,,,24.3597,13940.24
NDX Index,2022-04-13,,,24.8337,14217.29
NDX Index,2022-04-14,,,24.2537,13893.21
NDX Index,2022-04-15,,,24.2535,
NDX Index,2022-04-18,,,24.2955,13910.76
NDX Index,2022-04-19,,,24.8233,14210.26
NDX Index,2022-04-20,,,24.3865,13998.53
NDX Index,2022-04-21,,,23.868,13720.45
NDX Index,2022-04-22,,,23.2622,13356.87
NDX Index,2022-04-25,,,23.587,13533.22
NDX Index,2022-04-26,,,22.6955,13009.71
NDX Index,2022-04-27,,,22.7285,13003.36
NDX Index,2022-04-28,,,23.6544,13456.06
NDX Index,2022-04-29,,,22.7715,12854.8
NDX Index,2022-05-02,,,23.2154,13075.85
NDX Index,2022-05-03,,,23.2336,13089.9
NDX Index,2022-05-04,,,24.0042,13535.71
NDX Index,2022-05-05,,,22.8179,12850.55
NDX Index,2022-05-06,,,22.5345,12693.54
NDX Index,2022-05-09,,,21.6408,12187.72
NDX Index,2022-05-10,,,21.9218,12345.86
NDX Index,2022-05-11,,,21.2613,11967.56
NDX Index,2022-05-12,,,21.2235,11945.5
NDX Index,2022-05-13,,,22.0097,12387.4
NDX Index,2022-05-16,,,21.7592,12243.58
NDX Index,2022-05-17,,,22.3312,12564.1
NDX Index,2022-05-18,,,21.231,11928.31
NDX Index,2022-05-19,,,21.1752,11875.63
NDX Index,2022-05-20,,,21.1261,11835.62
NDX Index,2022-05-23,,,21.4864,12034.28
NDX Index,2022-05-24,,,21.0295,11769.84
NDX Index,2022-05-25,,,21.3726,11943.93
NDX Index,2022-05-26,,,22.0554,12276.79
NDX Index,2022-05-27,,,22.7786,12681.42
NDX Index,2022-05-30,,,22.7649,
NDX Index,2022-05-31,,,22.7346,12642.1
NDX Index,2022-06-01,,,22.5657,12548.36
NDX Index,2022-06-02,,,23.2069,12892.89
NDX Index,2022-06-03,,,22.5928,12548.03
NDX Index,2022-06-06,,,22.6778,12599.63
NDX Index,2022-06-07,,,22.8804,12711.68
NDX Index,2022-06-08,,,22.7044,12615.13
NDX Index,2022-06-09,,,22.1104,12269.78
NDX Index,2022-06-10,,,21.3158,11832.82
NDX Index,2022-06-13,,,20.3373,11288.32
NDX Index,2022-06-14,,,20.3866,11311.69
NDX Index,2022-06-15,,,20.8883,11593.77
NDX Index,2022-06-16,,,20.0663,11127.57
NDX Index,2022-06-17,,,20.3327,11265.99
NDX Index,2022-06-20,,,20.3406,
NDX Index,2022-06-21,,,20.7658,11546.76
NDX Index,2022-06-22,,,20.7422,11527.71
NDX Index,2022-06-23,,,21.057,11697.68
NDX Index,2022-06-24,,,21.8073,12105.85
NDX Index,2022-06-27,,,21.6287,12008.24
NDX Index,2022-06-28,,,21.0321,11637.77
NDX Index,2022-06-29,,,21.0695,11658.26
NDX Index,2022-06-30,,,20.8492,11503.72
NDX Index,2022-07-01,,,21.0599,11585.68
NDX Index,2022-07-04,,,21.0632,
NDX Index,2022-07-05,,,21.4465,11779.9
NDX Index,2022-07-06,,,21.5837,11852.59
NDX Index,2022-07-07,,,22.0531,12109.05
NDX Index,2022-07-08,,,22.0874,12125.69
NDX Index,2022-07-11,,,21.6123,11860.28
NDX Index,2022-07-12,,,21.4231,11744.99
NDX Index,2022-07-13,,,21.4148,11728.53
NDX Index,2022-07-14,,,21.5248,11768.4
NDX Index,2022-07-15,,,21.9163,11983.62
NDX Index,2022-07-18,,,21.7118,11877.5
NDX Index,2022-07-19,,,22.4149,12249.42
NDX Index,2022-07-20,,,22.7672,12439.68
NDX Index,2022-07-21,,,23.0924,12619.41
NDX Index,2022-07-22,,,22.6857,12396.47
NDX Index,2022-07-25,,,22.5864,12328.41
NDX Index,2022-07-26,,,22.1968,12086.9
NDX Index,2022-07-27,,,23.2865,12601.47
NDX Index,2022-07-28,,,23.7616,12717.87
NDX Index,2022-07-29,,,24.2845,12947.97
NDX Index,2022-08-01,,,24.2886,12940.78
NDX Index,2022-08-02,,,24.2687,12901.6
NDX Index,2022-08-03,,,24.9641,13253.26
NDX Index,2022-08-04,,,25.1097,13311.04
NDX Index,2022-08-05,,,24.9192,13207.69
NDX Index,2022-08-08,,,24.9669,13159.16
NDX Index,2022-08-09,,,24.7459,13008.17
NDX Index,2022-08-10,,,25.4615,13378.32
NDX Index,2022-08-11,,,25.3092,13291.99
NDX Index,2022-08-12,,,25.8354,13565.87
NDX Index,2022-08-15,,,26.0265,13667.18
NDX Index,2022-08-16,,,25.954,13635.21
NDX Index,2022-08-17,,,25.6769,13470.86
NDX Index,2022-08-18,,,25.7439,13505.99
NDX Index,2022-08-19,,,25.2539,13242.9
NDX Index,2022-08-22,,,24.6089,12890.54
NDX Index,2022-08-23,,,24.6144,12881.79
NDX Index,2022-08-24,,,24.7662,12917.86
NDX Index,2022-08-25,,,25.2496,13143.58
NDX Index,2022-08-26,,,24.2267,12605.17
NDX Index,2022-08-29,,,23.9878,12484.32
NDX Index,2022-08-30,,,23.7106,12342.7
NDX Index,2022-08-31,,,23.6055,12272.03
NDX Index,2022-09-01,,,23.6612,12274.63
NDX Index,2022-09-02,,,23.32,12098.44
NDX Index,2022-09-05,,,23.3246,
NDX Index,2022-09-06,,,23.1533,12011.31
NDX Index,2022-09-07,,,23.6622,12259.39
NDX Index,2022-09-08,,,23.7963,12321.19
NDX Index,2022-09-09,,,24.3182,12588.29
NDX Index,2022-09-12,,,24.6224,12739.72
NDX Index,2022-09-13,,,23.2999,12033.62
NDX Index,2022-09-14,,,23.4953,12134.4
NDX Index,2022-09-15,,,23.1084,11927.49
NDX Index,2022-09-16,,,22.9828,11861.38
NDX Index,2022-09-19,,,23.0801,11953.27
NDX Index,2022-09-20,,,22.8864,11851.54
NDX Index,2022-09-21,,,22.4773,11637.79
NDX Index,2022-09-22,,,22.2217,11501.65
NDX Index,2022-09-23,,,21.8571,11311.24
NDX Index,2022-09-26,,,21.7669,11254.11
NDX Index,2022-09-27,,,21.8018,11271.75
NDX Index,2022-09-28,,,22.1914,11493.83
NDX Index,2022-09-29,,,21.5869,11164.78
NDX Index,2022-09-30,,,21.2297,10971.22
NDX Index,2022-10-03,,,21.7356,11229.73
NDX Index,2022-10-04,,,22.3945,11582.54
NDX Index,2022-10-05,,,22.3834,11573.18
NDX Index,2022-10-06,,,22.2719,11485.5
NDX Index,2022-10-07,,,21.4172,11039.47
NDX Index,2022-10-10,,,21.209,10926.97
NDX Index,2022-10-11,,,20.9588,10791.35
NDX Index,2022-10-12,,,20.9433,10785.62
NDX Index,2022-10-13,,,21.4543,11033.58
NDX Index,2022-10-14,,,20.7963,10692.06
NDX Index,2022-10-17,,,21.5631,11062.53
NDX Index,2022-10-18,,,21.7446,11147.74
NDX Index,2022-10-19,,,21.6418,11103.38
NDX Index,2022-10-20,,,21.53,11046.71
NDX Index,2022-10-21,,,22.0681,11310.33
NDX Index,2022-10-24,,,22.3153,11430.26
NDX Index,2022-10-25,,,22.7699,11669.99
NDX Index,2022-10-26,,,22.3627,11405.9
NDX Index,2022-10-27,,,22.0059,11191.63
NDX Index,2022-10-28,,,22.7233,11546.21
NDX Index,2022-10-31,,,22.4632,11405.57
NDX Index,2022-11-01,,,22.2785,11288.95
NDX Index,2022-11-02,,,21.5534,10906.34
NDX Index,2022-11-03,,,21.3584,10690.6
NDX Index,2022-11-04,,,21.696,10857.03
NDX Index,2022-11-07,,,21.9381,10977.0
NDX Index,2022-11-08,,,22.1268,11059.5
NDX Index,2022-11-09,,,21.6229,10797.55
NDX Index,2022-11-10,,,23.249,11605.96
NDX Index,2022-11-11,,,23.6683,11817.01
NDX Index,2022-11-14,,,23.4541,11700.94
NDX Index,2022-11-15,,,23.7975,11871.15
NDX Index,2022-11-16,,,23.5277,11699.09
NDX Index,2022-11-17,,,23.4796,11676.86
NDX Index,2022-11-18,,,23.4725,11677.02
NDX Index,2022-11-21,,,23.2386,11553.45
NDX Index,2022-11-22,,,23.5792,11724.84
NDX Index,2022-11-23,,,23.8453,11838.72
NDX Index,2022-11-24,,,23.8446,
NDX Index,2022-11-25,,,23.6832,11756.03
NDX Index,2022-11-28,,,23.3382,11587.75
NDX Index,2022-11-29,,,23.2726,11503.45
NDX Index,2022-11-30,,,24.349,12030.06
NDX Index,2022-12-01,,,24.4052,12041.89
NDX Index,2022-12-02,,,24.3308,11994.26
NDX Index,2022-12-05,,,23.9034,11786.8
NDX Index,2022-12-06,,,23.4254,11549.69
NDX Index,2022-12-07,,,23.3196,11497.39
NDX Index,2022-12-08,,,23.6722,11637.5
NDX Index,2022-12-09,,,23.5183,11563.33
NDX Index,2022-12-12,,,23.8492,11706.44
NDX Index,2022-12-13,,,24.1088,11834.21
NDX Index,2022-12-14,,,23.9211,11740.92
NDX Index,2022-12-15,,,23.1351,11345.22
NDX Index,2022-12-16,,,22.928,11243.72
NDX Index,2022-12-19,,,23.1705,11084.59
NDX Index,2022-12-20,,,23.1485,11072.42
NDX Index,2022-12-21,,,23.5007,11235.88
NDX Index,2022-12-22,,,22.9073,10956.14
NDX Index,2022-12-23,,,22.9692,10985.45
NDX Index,2022-12-26,,,22.969,
NDX Index,2022-12-27,,,22.6284,10822.51
NDX Index,2022-12-28,,,22.3277,10679.34
NDX Index,2022-12-29,,,22.8927,10951.05
NDX Index,2022-12-30,,,22.869,10939.76
NDX Index,2023-01-02,,,22.8711,
NDX Index,2023-01-03,,,22.7176,10862.64
NDX Index,2023-01-04,,,22.8531,10914.8
NDX Index,2023-01-05,,,22.5153,10741.22
NDX Index,2023-01-06,,,23.1431,11040.35
NDX Index,2023-01-09,,,23.2876,11108.45
NDX Index,2023-01-10,,,23.4964,11205.78
NDX Index,2023-01-11,,,23.9129,11402.52
NDX Index,2023-01-12,,,24.0678,11459.61
NDX Index,2023-01-13,,,24.2376,11541.48
NDX Index,2023-01-16,,,24.2432,
NDX Index,2023-01-17,,,24.2982,11557.19
NDX Index,2023-01-18,,,23.9855,11410.29
NDX Index,2023-01-19,,,23.8325,11295.67
NDX Index,2023-01-20,,,24.4907,11619.03
NDX Index,2023-01-23,,,25.0443,11872.54
NDX Index,2023-01-24,,,24.9722,11846.64
NDX Index,2023-01-25,,,24.9428,11814.69
NDX Index,2023-01-26,,,25.615,12051.48
NDX Index,2023-01-27,,,25.8745,12166.6
NDX Index,2023-01-30,,,25.2907,11912.39
NDX Index,2023-01-31,,,25.8826,12101.93
NDX Index,2023-02-01,,,25.9734,12363.1
